fullName,email,password
Usuario Prueba 01,email-test@prueba.com,Muebles2026*
Usuario Prueba 02,email-test@prueba.com,Muebles2026*
Usuario Prueba 03,email-test@prueba.com,Muebles2026*
Usuario Prueba 04,email-test@prueba.com,Muebles2026*
Usuario Prueba 05,email-test@prueba.com,Muebles2026*
Usuario Prueba 06,email-test@prueba.com,Muebles2026*
Usuario Prueba 07,email-test@prueba.com,Muebles2026*
Usuario Prueba 08,email-test@prueba.com,Muebles2026*
Usuario Prueba 09,email-test@prueba.com,Muebles2026*
Usuario Prueba 10,email-test@prueba.com,Muebles2026*
Usuario Prueba 11,email-test@prueba.com,Muebles2026*
Usuario Prueba 12,email-test@prueba.com,Muebles2026*
Usuario Prueba 13,email-test@prueba.com,Muebles2026*
Usuario Prueba 14,email-test@prueba.com,Muebles2026*
Usuario Prueba 15,email-test@prueba.com,Muebles2026*
Usuario Prueba 16,email-test@prueba.com,Muebles2026*
Usuario Prueba 17,email-test@prueba.com,Muebles2026*
Usuario Prueba 18,email-test@prueba.com,Muebles2026*
Usuario Prueba 19,email-test@prueba.com,Muebles2026*
Usuario Prueba 20,email-test@prueba.com,Muebles2026*
Usuario Prueba 21,email-test@prueba.com,Muebles2026*
Usuario Prueba 22,email-test@prueba.com,Muebles2026*
Usuario Prueba 23,email-test@prueba.com,Muebles2026*
Usuario Prueba 24,email-test@prueba.com,Muebles2026*
Usuario Prueba 25,email-test@prueba.com,Muebles2026*
Usuario Prueba 26,email-test@prueba.com,Muebles2026*
Usuario Prueba 27,email-test@prueba.com,Muebles2026*
Usuario Prueba 28,email-test@prueba.com,Muebles2026*
Usuario Prueba 29,email-test@prueba.com,Muebles2026*
Usuario Prueba 30,email-test@prueba.com,Muebles2026*
Usuario Prueba 31,email-test@prueba.com,Muebles2026*
Usuario Prueba 32,email-test@prueba.com,Muebles2026*
Usuario Prueba 33,email-test@prueba.com,Muebles2026*
Usuario Prueba 34,email-test@prueba.com,Muebles2026*
Usuario Prueba 35,email-test@prueba.com,Muebles2026*
Usuario Prueba 36,email-test@prueba.com,Muebles2026*
Usuario Prueba 37,email-test@prueba.com,Muebles2026*
Usuario Prueba 38,email-test@prueba.com,Muebles2026*
Usuario Prueba 39,email-test@prueba.com,Muebles2026*
Usuario Prueba 40,email-test@prueba.com,Muebles2026*
Usuario Prueba 41,email-test@prueba.com,Muebles2026*
Usuario Prueba 42,email-test@prueba.com,Muebles2026*
Usuario Prueba 43,email-test@prueba.com,Muebles2026*
Usuario Prueba 44,email-test@prueba.com,Muebles2026*
Usuario Prueba 45,email-test@prueba.com,Muebles2026*
Usuario Prueba 46,email-test@prueba.com,Muebles2026*
Usuario Prueba 47,email-test@prueba.com,Muebles2026*
Usuario Prueba 48,email-test@prueba.com,Muebles2026*
Usuario Prueba 49,email-test@prueba.com,Muebles2026*
Usuario Prueba 50,email-test@prueba.com,Muebles2026*
